first_name,last_name,address,date_of_birth
9345a35a6fdf174dff7219282a3ae4879790dbb785c70f6fff91e32fafd66eab,d9e1b51ac9805a3979ca7c91a3c612b2d5875949c994c5c0bc07947886b76eed,5a0e8ad46f92e33e5f1f6d80467a10ae525e050c7d59b2d97874c5b63b80e322,1932-09-14
0e4dd66217fc8d2e298b78c8cd9392870dcd065d0ff675d0edff5bcd227837e9,94cdb4faf6c405d15142fb03e6d1f520b155fc958868585fb93e626580a85b04,e2dce468c6675e738df514ee552e9e169d251377b5de1b09ae0e005959002a2e,1966-01-06
ea72c79594296e45b8c2a296644d988581f58cfac6601d122ed0a8bd7c02e8bf,2f2fd4fa0fdfc8d2c9aac132ea3307b76c13d0dc5ef1c388ffc280f1b9f0e06e,9c349c97d79472f4da5a71244e0a099235d6307015664bd02abf375e969ec065,1980-03-13
850abeb8089348cb702ac6144e2ea802912a251ff19c5230cd54b3415ae56e2d,ee996ebac532ed933091a11a6071afb38964b2c61b20e1e68f15203219c785ce,ee8e65796591a4428f983cfcd690beac969b587f4780c43d4fedc36923e0b5bf,1935-04-05
05e245815d271d8bee09923911fe9e2e26747058cb981330bd53655126c3f4ed,a00d36bb2ee09567a1fb9294582f9f86537a0d2130079e5caa4fda39e1a2d8ab,e41ae5c3e8d6329b519cae45ae2e3159d7990fba969a825a7f1284e9c56bc018,1909-07-05
2d0f4c4eb78ce93adc09b60c696c76d0476185983c956a6f2a5bbf0afb9dbc2e,67ff5de6ad9f6aa632ceb8daf34698426c4346c1b19ce015dcca91b8f02a9d1a,337f3314b532170e29af20eeafef99dde272ff9c7e8198fae150f8c3a998567c,1959-06-16
674c1f08fac053e604366eb24f2123568e367479301d4dd14e6109ca85abda1b,1cd8e5f4826e1e694b14ca74ea2f39975dbdfc9ab93b47a7ae7889144c5bc36b,b15427253cec8cd6498dc9608cc8a8cd155512dbfd67f3c02025ebf43bfb68d2,1944-03-29
190eb3ebae2b41124493ac98ac49717fbd290156ca2e0de5f1d5c25a11e89120,4ea5eb8db9dfb7f03b3f4a28cc37a5689f38475885ea7a6a408aeb8ff704ca70,995d939aec723f453f6432be7b9d77a854c398acfbf2c3d88f6c7f0bbc5a0567,1999-03-18
16fed142e9aa22932da6e59a81eeaa9076e093c88f11aeab0c58aeab96042a3c,6ea5b8e02aa3a311c054d6ee53bb0307acb46746a375293e6d86eddb9595b5c3,f75af2fad3329ede2fda1df0c3b362cc881a819abcd98cc5b8f059876a79dd63,1971-03-08
3f0c9b03e8e39b03773c7ea7621035cb6fc947cd41ca7c44056d7e7bbaebb3d4,adae8d8d41af0067843224394bce97d5d4c0e96140e761bca84340fc2176920b,3e1481b0a40f0efe926528cc3f197ced82acc13e9fc2e25c619d6ae3dbd7e058,2021-06-06
